country_name,firm_prod_cum_growth_log,firm_wage_cum_growth_log,firm_ulc_cum_growth_log,firm_labour_share_cum_growth_log,worker_prod_employee_cum_growth_log,worker_prod_employed_cum_growth_log,worker_wage_cum_growth_log,firm_cum_gap,worker_cum_gap_employee,worker_cum_gap_employed
Canada,0.27552913688110836,0.15735917751326225,-0.07990885305220641,-0.07990885277079424,0.16218624694195435,0.21382893097128888,0.27908746809083734,0.1181699593678461,-0.11690122114888299,-0.06525853711954846
France,1.0167791678803086,0.8311246564826275,-0.13884684284728144,-0.138846843228144,0.6447127693588196,0.7560498589943194,0.2692689795770847,0.1856545113976812,0.3754437897817349,0.48678087941723475
Germany,0.3962789692856321,0.2959883947430069,-0.060937837852150546,-0.06093783803697306,0.23742042396597143,0.24751401627014907,0.2055730888378501,0.10029057454262519,0.031847335128121323,0.04194092743229896
Italy,0.3844924465120982,0.15540379591803208,-0.20419686647894097,-0.20419686600755738,0.5279200672143033,0.6300093444742729,-0.03470214917463105,0.2290886505940661,0.5626222163889343,0.664711493648904
Japan,1.232726339405232,0.5281071521968324,-0.2362962638661774,-0.23629626450396368,0.2926225710817474,0.9016088890376487,-0.01110193853057301,0.7046191872083996,0.3037245096123204,0.9127108275682217
United Kingdom,0.7095781772057642,0.3584459229146096,0.01087578663101884,0.010875786906175014,0.6813973613760087,0.6307257566927449,0.3784154031049509,0.35113225429115463,0.3029819582710578,0.25231035358779397
United States,0.44668946425319045,0.2895180686220249,-0.1211948840552286,-0.1211948837352591,0.3740956842330259,0.3959011440519185,0.3336131223654438,0.15717139563116556,0.04048256186758209,0.06228802168647468
