country_name,year,prod_index,w_real_output_index,ulc_index_rebased,labour_share,labour_share_index,gap_firm,prod_employee_index,prod_employed_index,wage_real_ppp_index,gap_worker_employee,gap_worker_employed
Canada,2023,129.4377429408187,117.04159254947601,92.32004894587011,0.570132812748497,92.3200489718501,0.10067065254940423,117.60792620904527,123.84107829418298,132.19229648908635,-0.1169012211488828,-0.06525853711954847
France,2023,263.5672369438542,229.5899386950653,87.0361320312346,0.6898497638559336,87.03613199808579,0.13801366162808917,126.69412879107482,128.7199318992812,130.9007189897708,-0.03266341876660437,-0.0168001919420864
Germany,2023,144.80552958249558,134.44545540009008,94.08817251871113,0.6495130600214793,94.08817250132154,0.07423308621580213,122.31496271820973,123.88230635765744,122.82287474931317,-0.004143895231898193,0.008588697781387034
Italy,2023,146.03990513905862,116.81295518302741,81.53018497827284,0.5867062050209224,81.53018501670482,0.22330592532658666,105.5584686539254,114.50323756988564,96.58930654639298,0.08879696783812542,0.17013506150060867
Japan,2023,214.55232418081926,169.57195299402312,78.95467251139132,0.5586646337532132,78.95467246103512,0.23527630601061808,107.57801224582191,122.47347402126866,98.89594605626198,0.08414803223065147,0.21382622047750668
United Kingdom,2023,140.27663861752936,143.1103640121848,101.09351429856252,0.5583843965099564,101.09351432637905,-0.019999645868704227,152.31777478999751,152.50094954338076,145.9969292704599,0.04238337305914863,0.04358523344901163
United States,2023,152.6313062015336,133.57835768575652,88.58613025263608,0.5541534379663089,88.58613028098095,0.13333699524094242,145.36762376983904,148.57224377913664,139.60029567663986,0.04048256186758191,0.06228802168647466
