model,sample,slope_variable,beta,sigma,r_squared,adj_r_squared,p_value,observations
model1,full,x,-0.2050754031204263,1.2579809505523376,0.0417895794328851,-0.0061209415954706,0.3287350894356854,22
model1,trimmed,x,0.0875158196952377,0.9195268536693444,0.0512382826939872,-0.0014707016007913,0.3814571345040485,20
model2_total_growth,panel_fe,dx,-0.4095369290491097,1.6935860161238967,0.3288273018299386,0.1772721764366989,0.150459145639234,153
model3_sectoral_growth,panel_fe,dx,0.5076229175852232,0.6632958336834727,0.0985595422000243,0.0443843028642623,0.0503306687316425,2153
